"ID","birth_date","death_date","selection_first","sex","tenure","n_off_type","n_g_off","n_gg_off","n_alive_genotyped_offspring","rank_maternal.std","n_off_obs","n_g_off_obs","gen_cont"
"Hyena_007","21.05.1994","30.11.2008","20.05.1996","female",12.53114305,8,18,15,0,NA,10,18,0.796875
"Hyena_009","21.09.1994","06.02.2000","20.09.1996","female",3.378507871,0,0,0,0,NA,4,13,1.34375
"Hyena_015","21.09.1994","28.06.2004","20.09.1996","female",7.770020534,5,41,152,0,NA,7,41,6.078125
"Hyena_016","17.09.1994","17.05.2010","16.09.1996","female",13.66461328,9,23,24,0,NA,15,23,0.84375
"Hyena_019","14.07.1994","03.05.2003","31.03.1998","male",5.089664613,10,59,44,0,NA,10,59,3.25
"Hyena_022","21.09.1994","03.11.2003","06.12.1998","male",4.908966461,7,16,16,0,NA,7,16,1.078125
"Hyena_023","14.04.1994","29.09.2003","18.06.1997","male",6.280629706,11,48,80,0,NA,11,48,5.6875
"Hyena_026","07.08.1993","20.03.2000","07.04.1997","male",2.951403149,0,0,0,0,NA,0,0,0
"Hyena_027","23.12.1995","03.12.2002","22.04.1999","male",3.61670089,9,15,9,0,NA,9,15,0.5
"Hyena_028","06.06.1994","16.05.2008","06.06.1997","male",10.9431896,4,15,34,0,NA,4,15,1.421875
"Hyena_029","07.04.1994","20.12.1999","05.10.1997","male",2.206707734,0,0,0,0,NA,0,0,0
"Hyena_033","11.06.1996","16.09.2005","11.06.1998","female",7.266255989,3,1,0,0,0.846153846,8,1,0
"Hyena_034","21.06.1996","11.08.2009","21.06.1998","female",11.14031485,4,22,33,0,-0.846153846,9,23,2.6875
"Hyena_036","08.10.1995","20.10.2003","19.08.1998","male",5.169062286,6,7,26,0,1,6,7,2.078125
"Hyena_037","20.10.1995","29.09.2003","11.08.2001","male",2.132785763,1,5,0,0,0.166666667,1,5,0
"Hyena_039","28.10.1996","23.02.2008","06.04.1999","male",8.884325804,14,29,38,0,-0.333333333,14,29,3.609375
"Hyena_045","26.12.1996","20.02.2013","27.02.2000","male",12.98288843,8,11,9,0,NA,8,11,1.1875
"Hyena_051","15.08.1997","18.11.2003","15.01.2003","male",0.840520192,2,2,0,0,-0.428571429,2,2,0
"Hyena_052","18.01.1998","27.08.2003","18.01.2000","female",3.605749487,1,0,0,0,1,1,0,0
"Hyena_053","15.06.1998","25.01.2013","14.06.2000","female",12.61601643,7,18,22,0,-0.076923077,8,18,2.65625
"Hyena_054","15.06.1998","08.11.2003","29.09.2003","male",0.109514031,0,0,0,0,-0.076923077,0,0,0
"Hyena_055","15.08.1998","30.10.2001","14.08.2000","female",1.210130048,0,0,0,0,0.714285714,0,0,0
"Hyena_056","15.10.1998","19.06.2004","14.10.2000","female",3.679671458,2,0,0,0,0.090909091,2,0,0
"Hyena_057","15.10.1998","17.06.2014","14.10.2000","female",13.67282683,11,24,7,1,0.090909091,11,24,2.546875
"Hyena_058","17.03.1999","16.05.2016","16.03.2001","female",15.16769336,5,6,0,0,0.2,8,21,2.125
"Hyena_059","17.03.1999","15.07.2002","16.03.2001","female",1.330595483,0,0,0,0,0.2,0,0,0
"Hyena_061","04.09.1999","22.11.2001","03.09.2001","female",0.219028063,0,0,0,0,-0.272727273,0,0,0
"Hyena_062","15.03.1998","08.09.2005","16.07.2002","male",3.148528405,0,0,0,0,-1,0,0,0
"Hyena_063","23.08.1997","25.07.2005","23.08.1999","female",5.921971253,6,39,51,0,0.428571429,7,39,3.1875
"Hyena_064","13.11.1999","28.11.2007","12.11.2001","female",6.042436687,1,0,0,0,-0.818181818,2,0,0
"Hyena_065","14.11.1999","22.12.2014","13.11.2001","female",13.10609172,6,6,0,0,-0.636363636,9,6,0.25
"Hyena_067","13.11.1999","10.05.2008","25.08.2003","male",4.709103354,1,3,0,0,-0.818181818,1,3,0
"Hyena_068","03.12.1999","27.05.2013","02.12.2001","female",11.4825462,6,21,29,0,1,8,21,3.765625
"Hyena_070","09.02.2000","04.11.2003","14.01.2003","male",0.804928131,0,0,0,0,0.454545455,0,0,0
"Hyena_071","01.04.2000","15.12.2011","17.07.2002","male",9.412731006,18,22,1,0,0.333333333,18,22,0.625
"Hyena_072","01.04.2000","11.06.2018","28.08.2003","male",14.7871321,13,85,57,2,0.333333333,13,85,12.875
"Hyena_073","21.04.2000","18.07.2018","08.11.2003","male",14.69130732,11,13,14,0,-0.833333333,11,13,1.71875
"Hyena_074","25.06.2000","17.07.2009","21.04.2004","male",5.237508556,4,5,4,0,0.692307692,4,5,0
"Hyena_077","25.07.2000","14.05.2014","20.10.2004","male",9.563312799,18,33,9,1,0.076923077,18,33,2.546875
"Hyena_078","11.09.2000","31.05.2017","11.09.2002","female",14.71868583,0,0,0,0,-0.384615385,1,0,0
"Hyena_081","25.02.2001","14.01.2008","25.02.2003","female",4.884325804,3,3,0,0,-0.6,3,3,0
"Hyena_084","10.04.2001","28.10.2006","10.04.2003","female",3.550992471,3,0,0,0,0.882352941,6,0,0
"Hyena_085","10.04.2001","03.12.2004","10.04.2003","female",1.650924025,1,0,0,0,0.882352941,2,0,0
"Hyena_086","11.12.2000","30.05.2014","16.11.2004","male",9.533196441,16,18,18,0,-0.733333333,16,18,2.419921875
"Hyena_087","15.02.2001","08.05.2013","10.06.2004","male",8.908966461,4,11,4,0,-1,4,11,0.875
"Hyena_088","05.05.2001","27.05.2013","05.05.2003","female",10.06160164,6,9,5,0,-0.882352941,9,9,0.90625
"Hyena_089","05.05.2001","30.05.2012","05.05.2003","female",9.070499658,4,22,0,0,-0.882352941,6,22,0.75
"Hyena_091","02.10.2001","08.05.2013","20.08.2005","male",7.715263518,10,18,22,0,1,10,18,3.4296875
"Hyena_092","18.11.2001","19.11.2003","18.11.2003","female",0.002737851,0,0,0,0,0.789473684,0,0,0
"Hyena_094","21.05.2002","09.09.2013","20.05.2004","female",9.305954825,6,13,4,1,0.578947368,10,13,2.75
"Hyena_095","01.05.2002","11.01.2015","20.10.2004","male",10.22587269,3,0,0,0,0.263157895,3,0,0
"Hyena_097","11.04.2002","19.09.2005","02.01.2005","male",0.711841205,0,0,0,0,-0.157894737,0,0,0
"Hyena_099","28.07.2002","18.08.2017","09.07.2005","male",12.10951403,26,48,11,3,0.777777778,26,48,5.171875
"Hyena_100","28.07.2002","31.10.2006","26.06.2005","male",1.347022587,0,0,0,0,0.777777778,0,0,0
"Hyena_106","17.12.2002","31.12.2007","16.12.2004","female",3.039014374,1,7,7,0,1,1,7,0.96875
"Hyena_110","01.01.2003","08.02.2006","13.07.2005","male",0.574948665,0,0,0,0,-0.157894737,0,0,0
"Hyena_111","25.07.2002","01.02.2020","24.07.2004","female",15.52361396,6,15,3,1,0.333333333,12,15,2.28515625
"Hyena_112","31.05.2003","29.10.2006","30.05.2005","female",1.415468857,0,0,0,0,0.583333333,0,0,0
"Hyena_113","31.05.2003","01.10.2012","11.06.2007","male",5.308692676,4,23,10,3,0.583333333,4,23,4.53125
"Hyena_114","28.06.2003","15.08.2005","27.06.2005","female",0.134154689,0,0,0,0,-0.583333333,0,0,0
"Hyena_120","15.08.2003","30.09.2006","14.08.2005","female",1.127994524,0,0,0,0,-0.333333333,0,0,0
"Hyena_125","16.04.2004","24.07.2019","16.04.2006","female",13.27036277,4,6,0,1,0.47826087,4,6,1.03125
"Hyena_129","05.09.2004","29.11.2015","19.11.2007","male",8.027378508,11,4,0,2,-0.083333333,11,4,1.5078125
"Hyena_132","27.10.2004","22.07.2018","04.10.2008","male",9.796030116,11,8,0,3,0.333333333,11,8,3.625
"Hyena_133","21.11.2004","27.06.2007","21.11.2006","female",0.596851472,0,0,0,0,0.916666667,0,0,0
"Hyena_138","13.01.2005","19.09.2012","13.01.2007","female",5.683778234,5,3,2,0,-0.583333333,5,3,0.576171875
"Hyena_140","28.01.2005","06.07.2019","28.01.2007","female",12.43531828,19,106,85,8,0.826086957,21,106,24.109375
"Hyena_141","28.01.2005","19.02.2018","28.01.2007","female",11.06091718,12,39,11,4,0.826086957,14,39,7.9375
"Hyena_144","18.03.2005","14.03.2011","09.10.2008","male",2.425735797,2,6,0,1,-1,2,6,0.75
"Hyena_145","08.05.2005","08.10.2015","09.10.2008","male",6.995208761,7,5,0,0,0.652173913,7,5,0.505859375
"Hyena_150","28.07.2005","15.02.2011","28.07.2007","female",3.553730322,3,0,0,0,-0.25,3,0,0
"Hyena_152","22.10.2005","15.05.2012","22.10.2007","female",4.563997262,2,2,0,0,0.130434783,4,2,0
"Hyena_153","25.12.2005","27.11.2008","25.12.2007","female",0.925393566,0,0,0,0,-0.130434783,0,0,0
"Hyena_155","14.12.2005","05.04.2009","04.10.2008","male",0.501026694,0,0,0,0,-0.652173913,0,0,0
"Hyena_156","27.01.2006","04.05.2013","10.11.2008","male",4.479123888,2,5,0,0,-0.391304348,2,5,0
"Hyena_167","16.10.2006","19.12.2018","15.10.2008","female",10.17659138,5,5,0,2,0.818181818,5,5,2.05859375
"Hyena_168","17.10.2006","17.11.2012","05.01.2010","male",2.866529774,1,0,0,0,1,1,0,0
"Hyena_169","09.03.2007","18.01.2011","08.03.2009","female",1.864476386,0,0,0,0,-0.826086957,0,0,0
"Hyena_171","20.04.2007","10.03.2013","29.11.2010","male",2.277891855,0,0,0,0,-0.304347826,0,0,0
"Hyena_173","17.06.2007","22.09.2012","16.06.2009","female",3.26899384,2,0,0,0,-0.454545455,2,0,0
"Hyena_175","12.10.2006","14.04.2016","11.10.2008","female",7.507186858,4,7,0,1,0.909090909,7,7,1.890625
"Hyena_176","13.06.2007","01.12.2012","12.06.2009","female",3.471594798,1,0,0,0,0.090909091,3,0,0
"Hyena_178","20.09.2007","18.09.2021","19.09.2009","female",11.99726215,4,0,0,1,-0.714285714,6,0,0.5
"Hyena_179","12.10.2007","01.12.2012","11.10.2009","female",3.140314853,1,0,0,0,-0.619047619,2,0,0
"Hyena_180","12.10.2007","01.09.2011","21.12.2010","male",0.6954141,0,0,0,0,-0.619047619,0,0,0
"Hyena_184","29.01.2008",NA,"28.01.2010","female",12.92539357,12,26,4,6,0.894736842,16,26,8.450195313
"Hyena_187","27.02.2008","25.11.2010","26.02.2010","female",0.744695414,0,0,0,0,0.684210526,0,0,0
"Hyena_191","30.08.2008","07.09.2018","30.08.2010","female",8.021902806,3,3,0,1,-0.894736842,5,3,1.05078125
"Hyena_193","27.09.2008","17.11.2017","27.09.2010","female",7.140314853,6,7,2,1,0.368421053,6,7,1.671875
"Hyena_196","23.10.2008","30.04.2016","23.10.2010","female",5.519507187,2,0,0,0,-0.523809524,2,0,0
"Hyena_198","25.10.2008","25.07.2019","25.10.2010","female",8.747433265,2,2,0,1,-0.619047619,3,2,1.063476563
"Hyena_199","25.10.2008","19.09.2012","25.10.2010","female",1.902806297,0,0,0,0,-0.619047619,0,0,0
"Hyena_567","01.07.1997","28.11.2011","01.07.1999","female",12.41067762,9,26,19,0,1,14,26,2.828125
"Hyena_570","23.07.1994","21.07.2002","02.02.1997","male",5.46201232,2,0,0,0,NA,2,0,0
"Hyena_571","17.10.1995","26.04.2008","16.10.1997","female",10.52703628,5,19,30,0,NA,5,19,2.25
"Hyena_572","10.10.1994","07.04.2006","09.08.1998","male",7.660506502,9,54,94,0,NA,9,54,7.1953125
"Hyena_573","30.06.1995","09.12.2004","29.06.1997","female",7.446954141,0,0,0,0,-0.333333333,0,0,0
"Hyena_574","01.07.1995","02.12.2008","11.01.2000","male",8.892539357,4,11,7,0,NA,4,11,1
"Hyena_575","01.02.1996","29.03.2008","31.01.1998","female",10.15742642,8,37,59,0,1,11,37,2.21875
"Hyena_577","24.02.1997","21.02.2011","24.02.1999","female",11.99178645,6,23,16,0,-0.333333333,7,23,2.20703125
"Hyena_578","20.01.1997","13.05.1999","20.01.1999","female",0.309377139,0,0,0,0,0.333333333,0,0,0
"Hyena_579","26.08.1998","11.12.2014","25.08.2000","female",14.29431896,4,3,0,0,-0.2,4,3,0
"Hyena_580","26.08.1998","06.04.2006","07.11.2003","male",2.412046543,0,0,0,0,-0.2,0,0,0
"Hyena_581","29.09.1998","09.06.2007","28.09.2000","female",6.694045175,5,15,21,0,0.2,6,15,2.47265625
"Hyena_582","29.09.1998","22.11.2012","28.09.2000","female",12.15058179,4,13,4,0,0.2,8,13,1.421875
"Hyena_583","26.06.1999","12.05.2012","05.03.2003","male",9.188227242,4,5,12,0,1,4,5,1.19921875
"Hyena_584","26.06.1999","23.09.2011","12.04.2004","male",7.446954141,10,22,1,0,1,10,22,0
"Hyena_587","28.06.2000","24.03.2006","28.06.2002","female",3.737166324,1,3,2,0,-0.142857143,1,3,0.4375
"Hyena_588","28.06.2000","10.02.2018","18.04.2004","male",13.81519507,17,64,84,0,-0.142857143,17,64,9.47265625
"Hyena_589","02.08.2000","28.11.2011","02.08.2002","female",9.32238193,5,15,9,0,0.428571429,7,15,0.546875
"Hyena_595","21.09.2000","28.11.2011","21.09.2002","female",9.185489391,4,14,11,0,-1,6,14,1.390625
"Hyena_596","21.09.2000","07.08.2009","21.09.2002","female",6.877481177,3,10,1,1,-1,4,10,1.375
"Hyena_597","19.11.2000","22.11.2012","19.11.2002","female",10.00958248,1,0,0,0,-0.6,7,0,0
"Hyena_602","20.09.2001","15.09.2006","01.02.2005","male",1.618069815,1,0,0,0,0.6,1,0,0
"Hyena_609","15.05.2002","20.04.2010","14.05.2004","female",5.932922656,2,0,0,0,-0.6,2,0,0
"Hyena_610","02.11.2002","10.12.2014","01.11.2004","female",10.10540726,7,5,6,0,0.857142857,11,5,0.375
"Hyena_617","23.06.2003","24.01.2008","22.06.2005","female",2.590006845,1,5,0,0,0.846153846,2,5,0
"Hyena_618","24.06.2003","13.03.2013","23.06.2005","female",7.72073922,3,12,8,0,0.538461538,5,12,2.111328125
"Hyena_621","02.04.2004","20.02.2011","11.12.2007","male",3.195071869,1,0,0,0,1,1,0,0
"Hyena_624","16.10.2004","20.11.2012","16.10.2006","female",6.097193703,3,1,0,0,-0.076923077,4,1,0
"Hyena_625","16.10.2004","06.03.2013","28.12.2007","male",5.188227242,7,15,11,2,-0.076923077,7,15,4.037109375
"Hyena_627","18.10.2004","09.04.2013","06.12.2006","male",6.340862423,7,8,14,0,0.538461538,7,8,1.930664063
"Hyena_628","01.11.2004","14.04.2013","03.03.2007","male",6.116358658,7,2,0,0,0.714285714,7,2,0
"Hyena_629","01.11.2004","23.04.2013","01.12.2007","male",5.393566051,1,0,0,0,0.714285714,1,0,0
"Hyena_630","05.12.2004","27.11.2011","05.12.2006","female",4.977412731,2,0,0,0,-0.714285714,4,0,0
"Hyena_631","03.04.2005","23.04.2010","03.04.2007","female",3.055441478,2,4,4,0,0.846153846,2,4,0.890625
"Hyena_633","18.04.2005","11.12.2014","18.04.2007","female",7.649555099,3,2,0,0,0.076923077,3,2,0.59375
"Hyena_635","25.09.2005","31.08.2018","25.09.2007","female",10.93223819,6,9,0,1,0.466666667,10,9,1.05078125
"Hyena_636","25.09.2005","13.11.2012","30.03.2009","male",3.624914442,3,0,0,0,0.466666667,3,0,0
"Hyena_638","14.02.2006","11.06.2017","06.01.2010","male",7.427789185,3,0,0,0,0.066666667,3,0,0
"Hyena_639","28.02.2006","08.04.2020","28.02.2008","female",12.10951403,6,8,0,1,-0.866666667,10,8,1.2890625
"Hyena_641","03.03.2006","06.04.2012","02.03.2008","female",4.095824778,0,0,0,0,-0.6,0,0,0
"Hyena_643","08.03.2006","11.05.2013","22.04.2010","male",3.052703628,0,0,0,0,0.866666667,0,0,0
"Hyena_644","01.04.2006","10.12.2014","22.03.2008","female",6.718685832,5,2,0,0,1,5,2,0
"Hyena_645","09.05.2006","23.06.2013","05.04.2009","male",4.216290212,2,0,0,0,-0.285714286,2,0,0
"Hyena_646","09.06.2006","01.11.2017","08.06.2008","female",9.399041752,4,6,0,2,-0.714285714,5,6,1.75
"Hyena_647","06.09.2006","17.01.2017","05.09.2008","female",8.366872005,2,1,0,0,0.285714286,3,1,0.26171875
"Hyena_649","12.10.2006","27.09.2011","11.10.2008","female",2.959616701,1,0,0,0,-1,1,0,0
"Hyena_650","12.10.2006","28.11.2011","11.10.2008","female",3.12936345,1,0,0,0,-1,1,0,0
"Hyena_652","25.03.2007","24.10.2017","24.03.2009","female",8.585900068,2,0,0,0,0.75,5,0,0
"Hyena_654","27.03.2007","11.12.2014","26.03.2009","female",5.711156742,2,0,0,0,0,3,0,0
"Hyena_655","01.04.2007","19.02.2018","25.12.2009","male",8.153319644,5,10,0,2,0.625,5,10,2.289550781
"Hyena_656","12.06.2007","22.11.2012","11.06.2009","female",3.449691992,0,0,0,0,0.411764706,2,0,0
"Hyena_657","12.06.2007","22.11.2012","11.06.2009","female",3.449691992,0,0,0,0,0.411764706,0,0,0
"Hyena_659","21.06.2007","07.09.2018","07.01.2010","male",8.665297741,2,0,0,0,0.882352941,2,0,0
"Hyena_660","20.10.2007","08.06.2020","19.10.2009","female",10.63655031,8,12,7,4,1,8,12,4.984375
"Hyena_662","27.10.2007","03.12.2012","03.12.2010","male",2.001368925,0,0,0,0,0.777777778,0,0,0
"Hyena_663","20.11.2007","30.06.2013","13.12.2010","male",2.546201232,1,0,0,0,-0.333333333,1,0,0
"Hyena_665","04.02.2008","22.03.2021","03.02.2010","female",11.12936345,3,3,0,2,-0.882352941,4,3,1.546875
"Hyena_667","28.02.2008","13.01.2017","19.12.2010","male",6.069815195,12,8,0,4,0.333333333,12,8,4.080078125
"Hyena_668","11.04.2008","28.11.2011","11.04.2010","female",1.631759069,0,0,0,0,-0.263157895,0,0,0
"Hyena_677","20.12.2008","31.08.2018","20.12.2010","female",7.696098563,2,4,0,2,0.272727273,5,4,1.7734375
"Hyena_678","20.12.2008","15.03.2021","20.12.2010","female",10.23408624,5,0,0,2,0.272727273,5,0,1
"Hyena_842","11.03.1996","15.03.2012","11.03.1998","female",14.01232033,7,21,26,0,0.5,11,21,1.46875
"Hyena_843","12.01.1995","03.01.2013","11.01.1997","female",15.97809719,11,70,152,1,NA,13,70,13.1953125
"Hyena_844","12.01.1996","08.03.2006","11.01.1998","female",8.153319644,4,4,0,0,-0.5,6,4,0
"Hyena_848","12.01.1995","25.06.2004","19.07.2001","male",2.934976044,6,39,62,0,NA,6,39,5.9765625
"Hyena_849","11.06.1996","19.06.2005","11.06.1998","female",7.022587269,6,9,4,0,NA,7,9,0.1875
"Hyena_851","09.11.1997","04.07.2008","15.11.2000","male",7.633127995,6,11,0,1,0,6,11,1.5
"Hyena_854","08.05.1999","04.02.2005","26.07.2001","male",3.529089665,8,30,9,0,0.333333333,8,30,0.125
"Hyena_858","21.12.1999","21.10.2003","24.08.2003","male",0.158795346,0,0,0,0,0.666666667,0,0,0
"Hyena_860","22.12.1999","21.01.2005","13.12.2002","male",2.108145106,0,0,0,0,-0.333333333,0,0,0
"Hyena_861","24.06.2000","22.04.2004","24.06.2002","female",1.828884326,0,0,0,0,-0.666666667,0,0,0
"Hyena_864","10.10.2000","14.09.2005","10.10.2002","female",2.929500342,1,0,0,0,-1,1,0,0
"Hyena_865","10.12.2000","23.10.2003","10.12.2002","female",0.8678987,0,0,0,0,1,0,0,0
"Hyena_866","10.12.2000","04.11.2006","10.12.2002","female",3.901437372,1,0,0,0,1,2,0,0
"Hyena_867","30.12.2000","24.04.2016","30.12.2002","female",13.31690623,10,16,4,1,0.666666667,10,16,1.9140625
"Hyena_868","21.04.2001","10.11.2003","21.04.2003","female",0.55578371,0,0,0,0,-0.333333333,0,0,0
"Hyena_869","19.12.2001","11.12.2018","19.12.2003","female",14.97878166,10,30,30,1,0,12,30,4.362304688
"Hyena_870","19.12.2001","02.12.2012","08.04.2004","male",8.651608487,8,10,3,0,0,8,10,0.3984375
"Hyena_873","26.04.2002","28.09.2012","25.04.2004","female",8.427104723,3,1,4,0,-1,4,1,0
"Hyena_874","26.04.2002","12.01.2010","25.04.2004","female",5.716632444,2,3,1,0,-1,2,3,0.375
"Hyena_875","06.06.2002","19.04.2006","05.06.2004","female",1.869952088,0,0,0,0,0.666666667,2,0,0
"Hyena_877","29.09.2003","16.03.2021","28.09.2005","female",15.46338125,13,89,56,2,0.090909091,13,89,13.75390625
"Hyena_879","01.10.2003","14.11.2012","30.09.2005","female",7.123887748,3,0,0,0,-0.090909091,4,0,0
"Hyena_881","01.10.2003","12.05.2008","30.09.2005","female",2.614647502,1,0,0,0,0.636363636,1,0,0
"Hyena_882","13.01.2004","21.03.2010","25.09.2006","male",3.485284052,4,14,28,0,1,4,14,3.6796875
"Hyena_884","06.03.2004","14.08.2009","06.03.2006","female",3.441478439,1,0,0,0,-0.8,2,0,0
"Hyena_885","06.03.2004","04.02.2008","28.06.2007","male",0.605065024,0,0,0,0,-0.8,0,0,0
"Hyena_888","26.06.2005","15.03.2011","26.06.2007","female",3.718001369,2,0,0,0,-0.4,4,0,0
"Hyena_896","01.11.2006","09.06.2014","31.10.2008","female",5.604380561,4,13,4,1,-0.2,4,13,2.1328125
"Hyena_898","15.12.2006","04.02.2018","15.07.2009","male",8.558521561,14,14,15,1,0.333333333,14,14,3.060546875
"Hyena_899","28.05.2007","19.06.2014","27.05.2009","female",5.062286105,5,8,0,1,1,5,8,1
"Hyena_900","25.08.2007","01.04.2018","24.08.2009","female",8.602327173,1,0,0,0,0.8,3,0,0
"Hyena_905","15.12.2007","05.05.2013","20.10.2010","male",2.54072553,1,1,0,1,-0.8,1,1,0.80078125
"Hyena_906","27.12.2007","17.02.2016","26.12.2009","female",6.143737166,6,17,9,1,0.2,8,17,2.828125
"Hyena_907","07.01.2008","01.11.2017","06.01.2010","female",7.819301848,1,4,0,0,-1,1,4,0
"Hyena_908","15.02.2008","24.09.2020","14.02.2010","female",10.6091718,5,1,0,1,0.4,9,1,0.875
"Hyena_909","15.02.2008","19.12.2013","23.11.2010","male",3.071868583,4,8,0,2,0.4,4,8,2.763671875
"Hyena_1104","14.06.1994","27.02.2007","13.06.1996","female",10.70773443,5,1,4,0,NA,9,1,0
"Hyena_1107","14.04.1994","17.04.2007","13.04.1996","female",11.00889802,7,36,59,0,NA,7,36,5.453125
"Hyena_1109","15.04.1994","21.07.2009","14.04.1996","female",13.26762491,7,11,26,0,NA,9,11,3.34375
"Hyena_1114","08.01.1994","21.04.2004","09.04.1997","male",7.033538672,1,1,0,0,NA,1,1,0
"Hyena_1115","09.01.1994","21.01.2005","22.02.1997","male",7.912388775,4,9,5,0,NA,4,9,0
"Hyena_1116","08.01.1995","23.05.1999","09.11.1998","male",0.533880903,0,0,0,0,NA,0,0,0
"Hyena_1120","08.09.1995","23.04.2013","31.12.1999","male",13.31143053,9,53,70,0,0.454545455,9,53,6.357421875
"Hyena_1121","09.09.1995","12.06.2007","09.11.1998","male",8.588637919,6,15,16,0,0.272727273,6,15,0.984375
"Hyena_1122","12.05.1996","28.04.2010","12.05.1998","female",11.96167009,6,15,4,0,-0.538461538,10,15,0
"Hyena_1124","27.05.1996","06.04.2006","22.09.2000","male",5.535934292,3,16,34,0,0.692307692,4,16,2.126953125
"Hyena_1125","27.05.1996","05.06.2007","27.05.1998","female",9.023956194,6,16,14,0,0.692307692,9,16,1.046875
"Hyena_1126","08.07.1995","28.04.2010","07.07.1997","female",12.80766598,10,22,57,0,1,14,22,5.45703125
"Hyena_1127","08.08.1995","28.08.2006","05.04.1999","male",7.397672827,4,2,0,0,-0.818181818,4,2,0
"Hyena_1128","10.06.1996","04.12.2011","15.12.1999","male",11.96988364,9,48,37,1,0.846153846,9,48,6.71875
"Hyena_1131","05.06.1996","19.06.2005","12.09.2000","male",4.76659822,3,4,14,0,0.076923077,3,4,1.84375
"Hyena_1133","26.02.1997","01.10.2012","15.07.2001","male",11.21423682,3,7,5,0,0.5,3,7,1.0234375
"Hyena_1134","07.04.1997","24.07.2005","07.04.1999","female",6.29705681,3,10,1,0,0.666666667,3,10,0
"Hyena_1139","01.05.1997","28.06.2004","01.05.1999","female",5.160848734,7,52,97,0,1,8,52,6.3359375
"Hyena_1140","01.05.1997","13.09.2012","01.05.1999","female",13.37166324,11,26,12,0,1,16,26,0.4453125
"Hyena_1143","17.11.1997","08.06.2005","17.11.1999","female",5.557837098,3,0,0,0,0.692307692,8,0,0
"Hyena_1144","17.11.1997","11.07.2002","27.11.2000","male",1.618069815,0,0,0,0,0.692307692,0,0,0
"Hyena_1146","31.12.1997","07.06.2007","31.10.2000","male",6.598220397,6,24,23,0,0.230769231,6,24,1.578125
"Hyena_1149","18.04.1998","30.09.2006","12.12.2002","male",3.800136893,1,0,0,0,1,1,0,0
"Hyena_1150","24.04.1998","15.11.2003","23.04.2000","female",3.561943874,2,0,0,0,-0.833333333,2,0,0
"Hyena_1152","19.04.1998","16.10.2012","18.04.2000","female",12.49555099,3,2,0,0,0,6,2,0
"Hyena_1153","19.04.1998","13.02.2014","25.11.2001","male",12.21902806,11,24,20,0,1,11,24,2.053710938
"Hyena_1155","07.07.1998","15.08.2005","13.07.2001","male",4.090349076,0,0,0,0,0.857142857,0,0,0
"Hyena_1156","30.07.1998","25.10.2003","29.07.2000","female",3.238877481,1,4,0,0,-0.142857143,1,4,0
"Hyena_1159","16.04.1999","20.07.2002","15.04.2001","female",1.262149213,0,0,0,0,0.2,1,0,0
"Hyena_1160","16.04.1999","06.08.2009","25.11.2001","male",7.696098563,12,43,31,1,0.2,12,43,6.328125
"Hyena_1161","05.05.1999","12.02.2005","04.05.2001","female",3.778234086,2,4,17,0,0.529411765,3,4,1.6796875
"Hyena_1163","27.04.1999","23.04.2013","26.11.2001","male",11.40588638,4,22,37,1,-0.333333333,4,22,6.6875
"Hyena_1164","27.04.1999","19.05.2012","18.07.2002","male",9.837097878,1,0,0,0,-0.333333333,1,0,0
"Hyena_1165","25.05.1999","09.11.2016","21.07.2001","male",15.3045859,14,58,56,3,0.294117647,14,58,11.92773438
"Hyena_1166","08.06.1999","09.07.2002","02.04.2002","male",0.268309377,0,0,0,0,1,0,0,0
"Hyena_1167","28.08.1999","15.07.2002","27.08.2001","female",0.881587953,2,0,0,0,0.866666667,2,0,0
"Hyena_1168","28.08.1999","18.05.2012","25.11.2001","male",10.47775496,7,17,10,0,0.866666667,7,17,1.328125
"Hyena_1169","20.11.1999","10.03.2011","19.11.2001","female",9.303216975,2,0,0,0,-1,8,0,0
"Hyena_1170","20.11.1999","10.05.2010","19.11.2001","female",8.470910335,3,0,0,1,-1,7,0,0.53125
"Hyena_1172","11.04.2000","07.05.2004","11.04.2002","female",2.072553046,0,0,0,0,0.625,1,0,0
"Hyena_1173","14.06.2000","26.04.2013","14.06.2002","female",10.86652977,6,5,0,1,0.333333333,8,5,1
"Hyena_1174","07.06.2000","19.05.2014","11.05.2004","male",10.02053388,6,27,5,1,1,6,27,3.859375
"Hyena_1175","07.06.2000","30.10.2006","20.10.2004","male",2.026009582,2,4,2,0,1,2,4,0
"Hyena_1176","23.03.2000","26.05.2013","23.03.2002","female",11.17590691,8,8,3,0,0.75,10,8,0.296875
"Hyena_1178","04.09.2000","17.03.2011","04.09.2002","female",8.531143053,4,29,14,0,0.578947368,6,29,1.521484375
"Hyena_1182","22.10.2000","14.10.2004","22.10.2002","female",1.979466119,0,0,0,0,0.052631579,0,0,0
"Hyena_1183","04.03.2001","28.11.2011","04.03.2003","female",8.736481862,9,10,0,0,0.789473684,10,10,0
"Hyena_1185","14.03.2001","12.11.2012","10.06.2004","male",8.424366872,5,0,0,0,0.263157895,5,0,0
"Hyena_1188","24.03.2001","10.10.2017","24.03.2003","female",14.54893908,5,9,0,0,0.684210526,6,9,0
"Hyena_1190","18.05.2001","08.04.2010","18.05.2003","female",6.891170431,2,0,0,0,-0.238095238,3,0,0
"Hyena_1193","12.06.2001","18.08.2017","12.06.2003","female",14.18480493,3,4,0,0,-0.904761905,6,4,0
"Hyena_1197","19.11.2000","17.06.2017","19.11.2002","female",14.57631759,7,16,1,1,0.894736842,13,16,1.2109375
"Hyena_1198","19.11.2000","29.09.2003","19.11.2002","female",0.859685147,0,0,0,0,0.894736842,0,0,0
"Hyena_1199","02.08.2001","24.05.2012","02.08.2003","female",8.810403833,3,0,0,0,0.142857143,4,0,0
"Hyena_1208","25.10.2001","26.04.2013","22.06.2005","male",7.843942505,1,0,0,0,-0.636363636,1,0,0
"Hyena_1213","28.02.2002","27.06.2004","28.02.2004","female",0.328542094,0,0,0,0,0.083333333,0,0,0
"Hyena_1217","19.04.2002","09.12.2014","18.04.2004","female",10.64202601,0,0,0,0,0.769230769,1,0,0
"Hyena_1221","25.05.2002","17.04.2006","24.05.2004","female",1.897330595,0,0,0,0,-0.384615385,0,0,0
"Hyena_1223","20.06.2002","15.02.2020","19.06.2004","female",15.65776865,6,10,0,1,0.111111111,9,10,1.07421875
"Hyena_1226","31.10.2002","09.01.2015","30.10.2004","female",10.19301848,1,0,0,0,-0.538461538,4,0,0
"Hyena_1227","17.03.2003","18.04.2017","16.03.2005","female",12.09034908,2,0,0,0,-0.785714286,5,0,0
"Hyena_1228","17.04.2003","19.06.2014","16.04.2007","male",7.175906913,2,9,0,1,0.034482759,2,9,1.0234375
"Hyena_1230","10.06.2003","14.12.2013","23.07.2005","male",8.394250513,8,4,0,0,0.933333333,8,4,0
"Hyena_1232","03.07.2003","29.12.2014","20.09.2006","male",8.273785079,4,17,11,1,0.225806452,4,17,3.12890625
"Hyena_1233","13.07.2003","30.05.2012","12.07.2005","female",6.882956879,5,1,0,0,-0.096774194,6,1,0
"Hyena_1238","20.08.2003","15.03.2021","21.02.2007","male",14.06160164,16,9,3,4,-0.1875,16,9,3.3359375
"Hyena_1240","04.09.2003","01.11.2017","23.02.2007","male",10.68856947,6,8,0,2,1,6,8,1.8125
"Hyena_1241","08.09.2003","05.12.2016","07.09.2005","female",11.24435318,17,58,14,7,0.75,19,58,10.08984375
"Hyena_1242","08.09.2003","27.05.2013","07.09.2005","female",7.718001369,9,21,6,1,0.75,12,21,1.5390625
"Hyena_1254","19.05.2004","06.05.2012","19.05.2006","female",5.965776865,5,0,0,0,0.5,6,0,0
"Hyena_1257","05.06.2004","20.03.2008","11.05.2007","male",0.859685147,0,0,0,0,0.931034483,0,0,0
"Hyena_1258","05.06.2004","08.12.2008","27.04.2007","male",1.618069815,0,0,0,0,0.931034483,0,0,0
"Hyena_1260","05.08.2004","06.05.2008","05.08.2006","female",1.752224504,0,0,0,0,0.111111111,0,0,0
"Hyena_1261","08.08.2004","06.05.2012","08.08.2006","female",5.744010951,1,0,0,0,-0.481481481,2,0,0
"Hyena_1263","15.08.2004","20.11.2012","16.12.2007","male",4.930869268,2,0,0,0,0.185185185,2,0,0
"Hyena_1279","18.11.2004","18.04.2017","23.04.2007","male",9.987679671,5,4,0,0,-0.703703704,5,4,0
"Hyena_1281","21.01.2005","07.09.2011","21.01.2007","female",4.62696783,0,0,0,0,-1,0,0,0
"Hyena_1282","13.04.2005","12.01.2016","13.04.2007","female",8.750171116,4,1,0,0,0.923076923,4,1,0.27734375
"Hyena_1286","01.05.2005","03.06.2014","01.05.2007","female",7.091033539,2,0,0,0,0.692307692,5,0,0
"Hyena_1291","28.07.2005","27.11.2012","28.07.2007","female",5.336071184,2,0,0,0,-0.12,4,0,0
"Hyena_1292","08.09.2005","20.03.2010","08.09.2007","female",2.529774127,0,0,0,0,-0.407407407,0,0,0
"Hyena_1293","08.09.2005","09.10.2012","27.11.2008","male",3.865845311,0,0,0,0,-0.407407407,0,0,0
"Hyena_1294","15.09.2005","26.03.2018","15.09.2007","female",10.52703628,4,0,0,0,0.407407407,6,0,0
"Hyena_1295","15.09.2005","29.11.2019","04.02.2008","male",11.816564,8,6,0,0,0.407407407,8,6,0.255859375
"Hyena_1297","23.11.2005","03.06.2014","23.11.2007","female",6.527036277,3,0,0,0,0.703703704,5,0,0
"Hyena_1301","09.11.2005","30.10.2015","09.11.2007","female",7.972621492,3,0,0,0,0.259259259,4,0,0
"Hyena_1307","10.09.2006","03.12.2008","09.09.2008","female",0.232717317,0,0,0,0,0.172413793,0,0,0
"Hyena_1309","24.10.2006","08.05.2014","23.10.2008","female",5.538672142,3,0,0,0,0.586206897,3,0,0
"Hyena_1310","24.10.2006","07.02.2011","23.10.2008","female",2.291581109,0,0,0,0,0.586206897,0,0,0
"Hyena_1311","23.11.2006","30.05.2014","22.11.2008","female",5.516769336,4,3,0,1,0.724137931,8,3,0.79296875
"Hyena_1313","04.12.2006","29.11.2020","02.02.2010","male",10.82272416,1,0,0,1,0.448275862,1,0,0.546875
"Hyena_1314","18.12.2006","29.08.2017","05.03.2010","male",7.485284052,7,18,2,3,0.310344828,7,18,4.797851563
"Hyena_1317","10.01.2007","10.01.2015","09.01.2009","female",6.001368925,1,0,0,0,0.517241379,3,0,0
"Hyena_1321","22.02.2007","20.03.2010","21.02.2009","female",1.073237509,0,0,0,0,-0.133333333,0,0,0
"Hyena_1326","11.04.2007",NA,"10.04.2009","female",13.72758385,0,0,0,0,-0.931034483,0,0,0
"Hyena_1328","06.04.2007","03.06.2014","05.04.2009","female",5.160848734,3,0,0,0,0.793103448,6,0,0
"Hyena_1329","06.04.2007","18.02.2017","17.01.2010","male",7.088295688,1,0,0,0,0.793103448,1,0,0
"Hyena_1331","10.07.2007","14.04.2018","09.07.2009","female",8.76386037,2,0,0,0,-0.793103448,4,0,0
"Hyena_1335","25.09.2007","02.05.2018","13.10.2010","male",7.550992471,11,6,0,1,0.9375,11,6,1.1015625
"Hyena_1336","02.10.2007","24.03.2019","01.10.2009","female",9.475701574,4,0,0,0,1,5,0,0
"Hyena_1348","12.02.2008","08.11.2021","11.02.2010","female",11.73990418,3,0,0,0,0.529411765,3,0,0
"Hyena_1356","18.08.2008","27.05.2013","18.08.2010","female",2.773442847,3,6,0,0,1,3,6,0.255859375
"Hyena_1623","14.04.1994","29.06.2004","13.04.1996","female",8.210814511,6,3,8,0,NA,8,3,1.21875
"Hyena_1625","14.02.1994","07.07.2007","11.09.1998","male",8.818617385,2,0,0,0,NA,2,0,0
"Hyena_1626","15.04.1994","26.08.2003","15.07.1997","male",6.113620808,2,11,10,0,NA,2,11,0.6875
"Hyena_1629","13.10.1993","25.09.2002","06.08.1996","male",6.135523614,6,25,68,0,NA,6,25,5.71875
"Hyena_1630","14.10.1993","29.11.2011","03.02.1997","male",14.81724846,15,63,98,0,NA,15,63,5.54296875
"Hyena_1632","15.04.1993","14.11.2003","12.04.1996","male",7.589322382,7,57,155,0,NA,7,57,8.75
"Hyena_1634","15.10.1995","19.09.2000","14.10.1997","female",2.932238193,0,0,0,0,-0.285714286,4,0,0
"Hyena_1635","25.09.1995","21.09.2006","24.09.1997","female",8.991101985,8,1,0,0,1,9,1,0
"Hyena_1640","14.02.1995","18.06.2002","04.11.1998","male",3.619438741,10,30,56,0,NA,10,30,1.75
"Hyena_1641","14.02.1995","21.04.2006","13.02.1997","female",9.18275154,9,18,22,0,NA,10,18,0.25
"Hyena_1644","16.10.1995","21.02.2011","15.10.1997","female",13.35249829,9,22,27,0,0.285714286,14,22,1.84375
"Hyena_1645","15.02.1995","02.08.2003","08.11.1998","male",4.73100616,2,11,5,0,NA,2,11,0.1875
"Hyena_1650","01.06.1996","28.04.2008","07.09.1998","male",9.639972621,9,28,56,0,-0.714285714,9,28,2.25
"Hyena_1651","09.01.1997","12.04.2008","09.01.1999","female",9.256673511,8,49,122,0,0.818181818,9,49,7.22265625
"Hyena_1652","09.01.1997","11.10.2011","09.01.1999","female",12.75290897,16,59,77,0,0.818181818,17,59,6.3046875
"Hyena_1653","27.03.1997","02.12.2012","27.03.1999","female",13.68651608,8,5,1,0,1,14,5,0
"Hyena_1657","01.04.1997","21.07.2009","15.07.2001","male",8.016427105,6,2,0,0,-0.666666667,6,2,0
"Hyena_1669","26.03.1998","13.07.2009","15.09.2000","male",8.824093087,3,10,0,0,-0.230769231,3,10,0
"Hyena_1670","01.04.1998","21.10.2003","14.07.2002","male",1.270362765,0,0,0,0,0.230769231,0,0,0
"Hyena_1675","17.06.1998","28.04.2013","16.06.2000","female",12.86516085,16,34,26,0,0.692307692,17,34,3.4921875
"Hyena_1679","03.10.1998","26.06.2002","21.07.2001","male",0.930869268,0,0,0,0,-0.692307692,0,0,0
"Hyena_1682","11.12.1998","20.07.2002","21.07.2001","male",0.996577687,0,0,0,0,0.846153846,0,0,0
"Hyena_1685","14.03.1999","01.12.2016","13.03.2001","female",15.72073922,11,18,39,0,1,18,18,5.088867188
"Hyena_1689","30.03.1999","21.02.2011","22.05.2002","male",8.752908966,2,8,12,0,-0.714285714,2,8,2.453125
"Hyena_1691","04.07.1999","06.02.2003","22.06.2002","male",0.62696783,0,0,0,0,0.076923077,0,0,0
"Hyena_1692","04.07.1999","11.01.2015","09.11.2003","male",11.17316906,12,17,7,0,0.076923077,12,17,0.5
"Hyena_1693","02.09.1999","21.07.2002","01.09.2001","female",0.884325804,0,0,0,0,0.866666667,0,0,0
"Hyena_1694","02.09.1999","17.07.2009","13.07.2001","male",8.010951403,0,0,0,0,0.866666667,0,0,0
"Hyena_1697","23.06.1999","09.11.2012","26.03.2003","male",9.626283368,5,20,18,0,0.538461538,5,20,1.5390625
"Hyena_1700","12.01.2000","11.12.2014","11.01.2002","female",12.91444216,11,34,30,0,0.428571429,13,34,3.1171875
"Hyena_1701","09.03.2000","19.12.2013","09.03.2002","female",11.78097194,8,40,67,1,1,11,40,5.962890625
"Hyena_1705","27.05.2000","29.05.2009","27.05.2002","female",7.006160164,8,41,61,1,0.538461538,8,41,8.4375
"Hyena_1708","12.07.2000","03.12.2004","29.02.2004","male",0.761122519,1,0,0,0,-0.857142857,1,0,0
"Hyena_1710","29.06.2000","24.04.2004","29.06.2002","female",1.820670773,0,0,0,0,0.142857143,0,0,0
"Hyena_1711","29.06.2000","23.11.2013","13.10.2004","male",9.11156742,9,15,6,0,0.142857143,9,15,0.64453125
"Hyena_1712","22.08.2000","26.05.2004","22.08.2002","female",1.760438056,0,0,0,0,-0.142857143,0,0,0
"Hyena_1715","12.11.2000","06.09.2011","10.06.2004","male",7.238877481,5,10,4,0,-0.5,5,10,1.375
"Hyena_1723","12.04.2001","27.08.2009","29.05.2004","male",5.245722108,1,1,0,0,0.076923077,1,1,0
"Hyena_1731","20.12.2001","22.09.2006","20.12.2003","female",2.757015743,2,0,0,0,-0.428571429,2,0,0
"Hyena_1733","12.02.2002","04.03.2013","12.02.2004","female",9.056810404,7,20,13,0,0.466666667,7,20,2.078125
"Hyena_1734","12.02.2002","01.05.2016","13.07.2005","male",10.80082136,15,82,65,3,0.466666667,15,82,8.267578125
"Hyena_1736","11.05.2002","20.02.2011","06.02.2006","male",5.037645448,3,5,0,0,-0.466666667,3,5,0
"Hyena_1741","01.06.2002","09.02.2010","14.10.2004","male",5.32238193,1,5,6,0,0,1,5,0.875
"Hyena_1746","11.09.2002","03.05.2012","09.07.2005","male",6.81724846,8,7,0,2,0.764705882,8,7,1.5
"Hyena_1747","11.09.2002","17.06.2017","12.03.2007","male",10.26694045,7,2,0,2,0.764705882,7,2,1
"Hyena_1750","27.12.2002","05.03.2018","13.07.2005","male",12.64339493,3,19,4,0,0.882352941,3,19,0.25
"Hyena_1751","13.03.2003","21.01.2006","12.03.2005","female",0.862422998,0,0,0,0,-0.294117647,0,0,0
"Hyena_1754","08.04.2003","21.04.2013","07.04.2005","female",8.038329911,4,2,0,0,-0.882352941,8,10,0.9375
"Hyena_1756","29.04.2003","07.10.2011","17.11.2007","male",3.887748118,11,23,22,0,0.529411765,11,23,4.133789063
"Hyena_1758","12.07.2003","09.08.2005","11.07.2005","female",0.079397673,0,0,0,0,0.647058824,0,0,0
"Hyena_1759","12.07.2003","26.02.2018","12.03.2007","male",10.96235455,7,28,23,1,0.647058824,7,28,4.951171875
"Hyena_1760","10.08.2003","02.12.2014","22.09.2005","male",9.193702943,9,7,0,2,0.058823529,9,7,2.107421875
"Hyena_1765","04.09.2003","14.05.2008","03.09.2005","female",2.694045175,0,0,0,0,-0.5,0,0,0
"Hyena_1767","15.10.2003","29.05.2012","23.02.2007","male",5.262149213,3,0,0,0,0.375,3,0,0
"Hyena_1777","06.08.2004","03.05.2013","17.11.2007","male",5.45927447,12,27,7,5,-0.066666667,12,27,7.153808594
"Hyena_1778","18.08.2004","24.04.2013","18.08.2006","female",6.683093771,3,0,0,0,-0.333333333,3,0,0
"Hyena_1779","18.08.2004","03.07.2009","01.03.2008","male",1.338809035,0,0,0,0,-0.333333333,0,0,0
"Hyena_1781","05.10.2004","21.05.2013","19.04.2008","male",5.086926762,2,3,0,0,0.6,2,3,0
"Hyena_1783","18.11.2004","01.01.2015","19.04.2008","male",6.702258727,10,33,15,1,0.066666667,10,33,4.573242188
"Hyena_1784","16.12.2004","15.09.2015","21.10.2008","male",6.899383984,1,0,0,1,-0.6,1,0,0.5625
"Hyena_1785","24.11.2004","24.04.2016","24.11.2006","female",9.415468857,5,1,0,0,-1,5,1,0.25
"Hyena_1787","10.02.2005","02.12.2012","10.02.2007","female",5.80971937,2,0,0,0,-0.2,4,0,0
"Hyena_1789","14.03.2005","20.02.2013","14.03.2007","female",5.941136208,4,0,0,0,0.375,4,0,0
"Hyena_1791","21.03.2005","06.08.2009","06.02.2007","female",2.496919918,3,4,0,0,0.875,4,4,0
"Hyena_1792","21.03.2005","13.12.2017","21.03.2007","female",10.73237509,3,1,0,1,0.875,5,1,0.794921875
"Hyena_1793","24.02.2005","13.06.2018","14.11.2008","male",9.577002053,19,30,7,4,-0.866666667,19,30,4.427734375
"Hyena_1794","10.03.2005","16.04.2018","13.12.2007","male",10.34086242,0,0,0,0,0.2,0,0,0
"Hyena_1795","28.03.2005","19.06.2014","28.03.2007","female",7.227926078,3,1,0,0,0.75,4,1,0
"Hyena_1796","28.03.2005","08.03.2013","28.03.2007","female",5.94661191,4,15,14,2,0.75,7,15,4.119140625
"Hyena_1797","11.06.2005","13.12.2014","29.02.2008","male",6.787132101,7,0,0,0,0.529411765,7,0,0
"Hyena_1801","17.12.2005","20.03.2013","17.12.2007","female",5.256673511,4,0,0,0,0.666666667,4,0,0
"Hyena_1802","17.12.2005","07.05.2018","17.12.2007","female",10.38740589,7,2,0,0,0.666666667,9,2,0
"Hyena_1803","31.12.2005","06.04.2009","31.12.2007","female",1.264887064,0,0,0,0,0.111111111,0,0,0
"Hyena_1805","07.01.2006","20.03.2008","07.01.2008","female",0.199863107,0,0,0,0,-0.666666667,0,0,0
"Hyena_1807","19.01.2006","12.09.2021","25.10.2008","male",12.88158795,11,25,0,2,0.222222222,11,25,2.265625
"Hyena_1809","10.01.2006","18.03.2011","10.01.2008","female",3.184120465,0,0,0,0,-0.444444444,1,0,0
"Hyena_1813","25.04.2006","19.12.2013","24.04.2008","female",5.653661875,2,0,0,0,1,5,0,0
"Hyena_1814","10.05.2006","10.04.2013","02.07.2009","male",3.772758385,3,1,0,0,0.75,3,1,0
"Hyena_1815","10.05.2006","06.03.2013","28.07.2009","male",3.605749487,2,0,0,0,0.75,2,0,0
"Hyena_1816","20.05.2006","13.04.2021","19.05.2008","female",12.90075291,9,7,0,3,0.375,11,7,2.86328125
"Hyena_1817","05.06.2006","16.06.2016","12.11.2008","male",7.592060233,1,12,0,1,-0.875,1,12,2.5
"Hyena_1818","14.06.2006","13.11.2012","13.06.2008","female",4.41889117,0,0,0,0,-0.125,0,0,0
"Hyena_1820","02.07.2006","02.12.2016","30.04.2010","male",6.592744695,5,4,0,2,0.5,5,4,1.502929688
"Hyena_1821","18.07.2006","21.05.2013","17.07.2008","female",4.843258042,0,0,0,0,0.25,1,0,0
"Hyena_1822","18.07.2006","29.04.2018","31.07.2009","male",8.744695414,10,3,0,1,0.25,10,3,0.83203125
"Hyena_1824","09.03.2007","21.01.2015","18.07.2009","male",5.511293634,8,21,8,0,-1,8,21,1.6875
"Hyena_1825","04.04.2007","08.03.2013","03.04.2009","female",3.92881588,3,0,0,0,0.333333333,4,0,0
"Hyena_1826","04.04.2007","11.02.2018","03.04.2009","female",8.859685147,4,0,0,0,0.333333333,8,0,0
"Hyena_1827","16.04.2007","13.05.2018","15.04.2009","female",9.075975359,4,2,0,0,-0.142857143,4,2,0
"Hyena_1828","16.04.2007","19.06.2014","15.04.2009","female",5.177275838,0,0,0,0,-0.142857143,1,0,0
"Hyena_1832","27.05.2007","18.06.2014","20.01.2009","female",5.407255305,3,0,0,0,0.904761905,4,0,0
"Hyena_1835","15.07.2007","07.06.2016","23.10.2010","male",5.623545517,6,3,0,1,0.238095238,6,3,0.7578125
"Hyena_1836","15.07.2007","11.05.2013","14.07.2009","female",3.82477755,0,0,0,0,0.238095238,1,0,0
"Hyena_1839","26.01.2008","21.12.2018","13.10.2010","male",8.188911704,8,4,0,0,-0.846153846,8,4,0
"Hyena_1840","29.01.2008","28.11.2019","28.01.2010","female",9.831622177,9,10,0,3,0,9,10,3.046875
"Hyena_1841","02.04.2008","17.04.2012","01.11.2010","male",1.45927447,0,0,0,0,-0.2,0,0,0
"Hyena_1842","02.04.2008","16.10.2018","01.11.2010","male",7.956194387,5,8,1,1,-0.2,5,8,2.232421875
"Hyena_1844","05.04.2008","18.06.2014","05.04.2010","female",4.202600958,0,0,0,0,-1,2,0,0
"Hyena_1848","30.05.2008","13.01.2024","30.05.2010","female",12.59137577,11,29,18,6,0.916666667,15,29,10.0546875
"Hyena_1849","30.05.2008","11.04.2021","30.05.2010","female",10.86652977,7,8,0,3,0.916666667,7,8,2.9140625
"Hyena_1851","15.06.2008","05.06.2020","11.10.2010","male",9.650924025,12,10,0,6,0.44,12,10,4.915527344
"Hyena_1855","28.08.2008","05.03.2013","28.08.2010","female",2.518822724,0,0,0,0,-0.384615385,0,0,0
"Hyena_1858","03.10.2008","02.12.2012","03.10.2010","female",2.165639973,1,0,0,0,0.538461538,1,0,0
"Hyena_2126","15.04.1994","19.07.2002","15.04.1997","male",5.259411362,4,0,0,0,NA,4,0,0
"Hyena_2129","28.03.1994","16.06.2005","28.03.1997","male",8.219028063,14,45,117,0,NA,14,45,11.6953125
"Hyena_2130","02.04.1995","12.04.1999","02.04.1998","male",1.026694045,2,0,0,0,NA,2,0,0
"Hyena_2131","02.09.1995","19.01.2011","14.12.1999","male",11.09924709,9,31,20,1,1,9,31,2.0546875
"Hyena_2134","02.05.1997","03.02.2011","14.08.2001","male",9.472963723,3,5,9,0,-0.666666667,3,5,0
"Hyena_2135","02.05.1997","18.03.2003","19.09.2001","male",1.492128679,0,0,0,0,-0.666666667,0,0,0
"Hyena_2137","15.06.1997","17.12.2013","15.06.1999","female",14.50787132,17,85,110,1,1,19,85,13.3046875
"Hyena_2138","15.06.1997","30.08.2003","08.09.2001","male",1.973990418,0,0,0,0,1,0,0,0
"Hyena_2139","27.12.1997","16.10.2012","27.12.1999","female",12.80492813,5,8,0,0,0.666666667,9,8,0.5
"Hyena_2144","05.07.1998","06.04.2007","07.09.2001","male",5.577002053,5,5,10,0,-0.2,5,5,0.5
"Hyena_2147","04.05.1999","09.06.2004","03.05.2001","female",3.101984942,1,7,7,0,1,3,7,0.7890625
"Hyena_2148","23.10.1999","30.01.2005","22.10.2001","female",3.274469541,2,2,2,0,-1,2,2,0
"Hyena_2152","16.02.2000","13.01.2017","15.02.2002","female",14.91033539,12,12,10,2,-0.6,12,12,2.4609375
"Hyena_2153","16.02.2000","04.01.2011","01.08.2003","male",7.427789185,5,9,1,0,-0.6,8,16,2.0078125
"Hyena_2155","10.11.2000","11.01.2015","10.11.2002","female",12.16974675,11,29,29,0,0.6,13,29,2.421875
"Hyena_2156","26.10.2000","24.12.2004","26.10.2002","female",2.162902122,1,0,0,0,-0.2,1,0,0
"Hyena_2157","15.04.2001","07.04.2012","15.04.2003","female",8.980150582,0,0,0,0,1,1,0,0
"Hyena_2158","23.06.2001","14.05.2013","23.06.2003","female",9.891854894,4,0,0,0,-0.666666667,6,0,0
"Hyena_2159","23.06.2001","23.11.2011","16.05.2005","male",6.521560575,5,18,41,0,-0.666666667,5,18,3.13671875
"Hyena_2160","16.09.2001","02.08.2011","16.09.2003","female",7.876796715,6,7,20,0,0.6,7,7,1.14453125
"Hyena_2161","27.11.2001","24.12.2004","27.11.2003","female",1.075975359,0,0,0,0,0,0,0,0
"Hyena_2164","10.07.2002","30.04.2015","29.11.2007","male",7.416837782,7,17,7,2,0.428571429,7,17,5.48828125
"Hyena_2166","27.06.2003","28.05.2013","26.06.2005","female",7.920602327,6,10,0,1,0.75,6,10,1.3125
"Hyena_2167","27.06.2003","06.09.2011","11.11.2007","male",3.819301848,3,10,4,0,0.75,3,10,0.9609375
"Hyena_2168","11.07.2003","24.05.2010","10.07.2005","female",4.87063655,1,2,0,0,-1,2,2,0
"Hyena_2172","20.06.2004","19.06.2022","28.12.2007","male",14.47501711,9,7,0,2,1,9,7,3.41796875
"Hyena_2173","06.11.2004","28.11.2011","06.11.2006","female",5.059548255,2,0,0,0,0.111111111,4,0,0
"Hyena_2174","15.01.2005","24.11.2017","14.04.2009","male",8.613278576,4,10,2,1,-0.428571429,4,10,1.233398438
"Hyena_2176","05.09.2005","11.03.2011","24.06.2007","female",3.712525667,5,28,22,0,1,6,28,4.041015625
"Hyena_2177","05.09.2005","13.01.2017","05.09.2007","female",9.35797399,6,11,7,0,1,11,13,1.86328125
"Hyena_2178","08.11.2005","25.05.2012","19.04.2008","male",4.098562628,7,20,0,1,0,7,20,2.072265625
"Hyena_2179","15.12.2005","15.04.2013","15.12.2007","female",5.333333333,4,9,0,0,0.75,5,9,0
"Hyena_2182","03.07.2006","20.05.2013","02.07.2008","female",4.881587953,0,0,0,0,-0.5,0,0,0
"Hyena_2183","22.09.2006","14.04.2013","21.09.2008","female",4.561259411,2,0,0,0,0.25,2,0,0
"Hyena_2188","25.02.2007","12.09.2020","29.07.2010","male",10.12457221,2,0,0,1,-0.555555556,2,0,0.5
"Hyena_2189","02.04.2007","04.03.2013","01.04.2009","female",3.923340178,0,0,0,0,-0.111111111,0,0,0
"Hyena_2192","27.08.2007","04.12.2023","26.08.2009","female",13.34976044,9,10,2,4,1,11,10,3.888671875
"Hyena_2196","12.10.2007","28.04.2020","28.08.2010","male",9.667351129,12,13,0,6,0.818181818,12,13,4.3046875
"Hyena_2197","12.10.2007","12.08.2017","28.08.2010","male",6.95687885,4,6,0,3,0.818181818,4,6,2.62109375
"Hyena_2200","24.02.2008","01.01.2023","23.02.2010","female",12.85420945,4,5,0,1,0.666666667,5,5,1.90234375
"Hyena_2201","24.02.2008","11.04.2012","23.02.2010","female",2.130047912,1,0,0,0,0.666666667,2,0,0
"Hyena_2202","10.03.2008","22.04.2016","10.03.2010","female",6.119096509,1,0,0,0,-1,2,0,0
"Hyena_2203","03.06.2008","29.05.2012","03.06.2010","female",1.987679671,0,0,0,0,0.166666667,1,0,0
"Hyena_2205","13.06.2008","12.07.2022","13.06.2010","female",12.07939767,1,0,0,0,-0.666666667,2,0,0.5
"Hyena_2354","14.04.1993","23.11.2000","02.03.1997","male",3.728952772,0,0,0,0,NA,0,0,0
"Hyena_2355","19.07.1993","27.10.2006","05.10.1998","male",8.060232717,4,17,89,0,NA,4,17,6.625
"Hyena_2356","16.01.1994","21.05.2002","24.06.1997","male",4.906228611,0,0,0,0,NA,0,0,0
"Hyena_2357","18.06.1996","07.04.2006","18.09.1998","male",7.550992471,3,7,23,0,NA,3,7,0.375
"Hyena_2358","06.02.1998","21.03.2011","06.02.2000","female",11.11841205,3,15,6,0,1,8,15,0.875
"Hyena_2359","24.10.1998","07.07.2002","23.10.2000","female",1.70294319,1,0,0,0,1,1,0,0
"Hyena_2360","24.10.1998","19.05.2013","23.10.2000","female",12.56947296,8,12,13,0,1,10,12,0.875
"Hyena_2361","23.12.1998","24.05.2013","17.07.2002","male",10.85284052,3,2,0,0,0,3,2,0
"Hyena_2362","14.11.1999","28.11.2013","13.11.2001","female",12.04106776,8,26,1,1,-1,13,26,1.25
"Hyena_2363","14.11.1999","03.02.2017","18.07.2002","male",14.54893908,2,7,3,0,-1,2,7,0.9375
"Hyena_2364","10.11.1998","19.07.2002","17.10.2000","male",1.752224504,1,0,0,0,NA,1,0,0
"Hyena_2365","29.02.2000","27.06.2002","28.02.2002","female",0.325804244,0,0,0,0,0.333333333,0,0,0
"Hyena_2367","26.11.2000","11.01.2017","15.06.2005","male",11.57563313,2,6,0,0,-0.2,2,6,0.25
"Hyena_2369","03.12.2000","31.01.2012","24.06.2005","male",6.603696099,7,23,9,0,-1,7,23,0.6875
"Hyena_2377","24.07.2002","18.04.2012","18.02.2006","male",6.162902122,4,4,0,0,0.2,4,4,0
"Hyena_2381","15.01.2002","14.12.2013","15.01.2004","female",9.9137577,18,103,80,3,-0.333333333,19,103,9.65625
"Hyena_2388","10.10.2004","05.02.2008","10.10.2006","female",1.32238193,0,0,0,0,0.6,0,0,0
"Hyena_2389","10.10.2004","20.02.2017","02.01.2008","male",9.136208077,3,6,0,1,0.6,3,6,1
"Hyena_2390","14.10.2004","14.01.2016","05.02.2008","male",7.939767283,1,0,0,0,0.2,1,0,0
"Hyena_2392","07.05.2005","21.06.2017","07.05.2007","female",10.12457221,7,9,3,0,1,8,9,0
"Hyena_2393","07.05.2005","08.02.2013","01.04.2009","male",3.857631759,4,3,0,1,1,4,3,0.765625
"Hyena_2394","17.06.2005","06.12.2008","17.06.2007","female",1.472963723,0,0,0,0,-0.6,0,0,0
"Hyena_2396","23.01.2006","29.09.2012","23.01.2008","female",4.684462697,2,4,0,0,1,2,4,0
"Hyena_2399","19.03.2006","03.05.2013","30.03.2009","male",4.093086927,6,7,1,0,1,6,7,0.57421875
"Hyena_2400","19.03.2006","16.03.2012","10.08.2009","male",2.598220397,3,4,0,0,1,3,4,0.25
"Hyena_2401","29.05.2006","12.02.2022","28.05.2008","female",13.71115674,6,3,0,2,-1,8,3,1.2734375
"Hyena_2403","08.06.2006","11.04.2018","07.06.2008","female",9.84257358,8,1,0,0,0.6,10,1,0
"Hyena_2404","24.06.2007","26.05.2013","23.06.2009","female",3.923340178,3,7,7,0,1,4,7,1.025390625
"Hyena_2405","24.06.2007","21.04.2016","23.06.2009","female",6.828199863,5,8,0,1,1,6,8,1.09375
"Hyena_2407","30.07.2007","13.01.2020","29.07.2009","female",10.45859001,7,6,0,1,0.25,9,6,1.259765625
"Hyena_2414","30.04.2008","21.04.2022","30.04.2010","female",11.97535934,11,15,0,2,1,13,15,2.01171875
"Hyena_2415","14.07.2008","12.03.2019","14.07.2010","female",8.65982204,6,3,0,1,0,7,3,0.8203125
"Hyena_2720","16.02.1997","21.01.2005","16.02.1999","female",5.930184805,3,6,0,0,NA,6,6,0
"Hyena_2723","23.03.1998","08.02.2005","22.03.2000","female",4.884325804,1,1,0,0,NA,1,1,0
"Hyena_2724","07.09.1997","16.12.2007","07.09.1999","female",8.273785079,2,3,5,0,1,3,3,0
"Hyena_2725","18.04.1995","30.09.2011","17.04.1997","female",14.45311431,0,0,0,0,NA,7,10,0.8125
"Hyena_2726","08.09.1997","23.02.2016","08.09.1999","female",16.45995893,8,35,41,3,NA,13,35,6.75
"Hyena_2727","20.02.1995","06.04.2007","20.08.1998","male",8.62696783,4,20,15,0,NA,4,20,1
"Hyena_2728","19.09.1995","22.11.2002","10.11.1999","male",3.033538672,1,0,0,0,NA,1,0,0
"Hyena_2732","16.07.1999","22.01.2017","15.07.2001","female",15.52361396,5,11,1,0,0,8,11,0.875
"Hyena_2737","10.06.2000","30.12.2007","12.04.2004","male",3.715263518,8,30,40,0,NA,8,30,2.5
"Hyena_2745","01.05.2002","24.05.2013","23.02.2007","male",6.247775496,1,0,0,0,0.714285714,1,0,0
"Hyena_2746","28.10.2001","08.09.2015","28.10.2003","female",11.86310746,2,0,0,0,NA,6,0,0
"Hyena_2747","20.10.2003","11.03.2016","19.10.2005","female",10.39288159,6,21,0,0,-0.428571429,8,21,0.502929688
"Hyena_2751","25.12.2003","10.05.2007","14.01.2007","male",0.317590691,3,5,0,0,1,3,5,0
"Hyena_2752","09.02.2004","12.02.2017","08.02.2006","female",11.01163587,4,0,0,0,-0.75,6,0,0
"Hyena_2753","09.02.2004","20.03.2011","22.02.2007","male",4.07118412,0,0,0,0,-0.75,0,0,0
"Hyena_2754","28.06.2004","21.05.2013","18.02.2007","male",6.253251198,0,0,0,0,0.25,0,0,0
"Hyena_2755","28.06.2004","15.02.2020","28.06.2006","female",13.63449692,7,9,4,1,0.25,7,9,1.671875
"Hyena_2758","30.11.2005","05.06.2020","04.05.2010","male",10.08898015,8,13,0,3,-0.142857143,8,13,3.560546875
"Hyena_2766","20.09.2008","01.03.2022","20.09.2010","female",11.44421629,3,0,0,0,-0.333333333,6,0,0
"Hyena_2768","25.09.2008","23.03.2022","25.09.2010","female",11.49075975,3,0,0,0,0.333333333,6,0,0.5
"Hyena_2770","05.11.2008","13.03.2011","05.11.2010","female",0.350444901,0,0,0,0,-1,0,0,0
"Hyena_2793","05.05.2007","22.12.2019","04.05.2009","female",10.63381246,4,0,0,0,-0.142857143,5,0,0
